alert_key,probability
352342,0.07714293150392583
352866,0.15107500011743952
352696,0.06941068976660364
352330,0.009518208421538648
352330,0.015034488751772844
352683,2.3605295617873986e-05
352658,0.022108684631164464
352658,0.0014641350369484568
352658,0.018384004010434437
352658,1.1750756781022266e-05
352658,0.053210713695273484
352691,0.00020798747515745966
352558,0.018528295645121495
352558,1.2520463077779226e-05
352558,0.007407466326094632
352558,0.001202439482541711
352558,0.028931374990747816
352558,0.028930069530419485
352558,0.07741945337477568
352558,0.04631247825342287
352558,0.07079783005126257
352558,0.0543555247957909
352558,0.016156242397557894
352558,0.000520229789972349
352558,0.007707029369662298
352558,0.0011827451299619815
352558,0.0068029304488472315
352558,0.03514533897871807
352558,0.05382627702286887
352558,0.06481378068014451
352558,0.04655669440748287
352558,0.024719579325162267
352558,0.06462769235877573
352558,0.035317312366440035
352558,0.00813064247342725
352558,0.03569055970851505
352558,0.015484218957611776
352558,0.04189441398560199
352558,0.0012783178538238052
352558,1.2159989539955766e-05
352558,0.00693162235574702
352558,0.01862176911868393
352558,0.05503855606104679
352558,0.015618972592725256
352558,0.041564038464916894
352558,0.007423808654282937
352558,0.05381835823134349
352558,0.04629032309262162
352558,0.019463343937020913
352558,0.007517858285250562
352558,0.004646269177200452
352558,0.0028821633008256384
352558,0.0909247837180844
352558,0.007658834675863495
352558,0.0005405925435780336
352558,0.08362726460035566
352558,0.029893959018415097
352558,0.04507866350562437
352558,0.05135331585519702
352558,0.03824634991221355
352685,0.11780899946766125
352249,0.006910723094809331
352857,0.019444049352174274
352857,0.005532460439819271
352857,0.009402664480947282
352857,0.005988910532855628
352857,0.021861016961786234
352857,7.729432272528873e-06
352857,0.03567262029150746
352857,0.046712307321849354
352557,0.07362312693902287
352309,0.07633007427091769
352344,0.05585603158357225
352693,0.010680690694977535
352715,0.1055782319359165
352312,0.057369078054800696
352312,0.0015196986661990155
352312,0.031136149688992566
352298,0.0708415683159664
352859,0.15146338215824548
352859,0.12801978374077255
352859,2.095622681560963e-05
352859,0.00961934775596657
352859,0.11749353215915588
352859,0.08613864377731242
352700,0.08327073899941816
352680,0.04474652356135731
352680,0.03569010972517572
352680,0.06390805399899478
352680,0.07685820733391815
352680,0.01023883544261977
352680,0.09224285808673528
352316,0.038627282996935915
352329,0.08345736031313464
352686,0.11120875824674699
352343,0.10341340533325453
352880,0.0010874884307412282
352886,0.16830911504324453
352651,0.09523488736052607
352494,0.0074179834579820095
352699,0.0022370943285143236
352816,0.006494974583584535
352816,0.005785425060990746
352253,0.13950979331592475
352280,0.03117832831077635
352497,0.024356524360056885
352870,0.0114703634275345
352872,0.17593263207695034
352872,0.16276992143245914
352872,0.17358204288905738
352872,0.04353116963180336
352872,0.14615813810538814
352872,0.10257260732942665
352872,0.028009173431604764
352872,0.02942647132076341
352872,0.18730301452626782
352872,0.21761750689450626
352484,0.0636307365971495
352484,0.13335426968490188
352484,0.02735063976512797
352484,0.14551380670712513
352484,0.016557109000801918
352484,0.13675597561432187
352819,0.015983005048775784
352487,0.11290702596144789
352654,0.0673810723279279
352493,0.10693905985874451
352520,0.21969098013294996
352282,0.04773840229578953
352858,0.0018967557633747666
352876,0.18545782466417468
352337,0.02783720506177762
352704,0.09356041907141686
352874,0.05992947924528541
352522,0.10945903972370219
352331,0.013542026394983241
352331,0.018259651061351675
352331,0.2526881470661832
352331,0.08338353417398624
352331,0.2546895692546347
352331,0.03385679360289229
352331,0.03278186483325634
352480,0.12086632778459193
352320,0.00928131480878515
352476,1.9992362200489646e-08
352476,0.014365207382686264
352254,0.030551033340755252
352254,0.013394131340407959
352254,0.058404776717269485
352254,0.07512602682327496
352254,0.0017266227989795077
352254,0.0011911974383891513
352492,0.09511924519486405
352332,0.23981854228006377
352507,0.048230313639962205
352877,0.1429515168000461
352488,0.028271236077321533
352301,0.04854288212990483
352692,0.12860359059077694
352692,0.04292432462594934
352692,0.03441283938677828
352692,0.0841984030147117
352692,0.09384768859125814
352692,0.10037031836117553
352692,0.0003744920162596434
352503,0.12111727912029105
352888,0.08625943896362538
352465,0.0752990859598002
352684,0.0017291597992367814
352302,0.08162424940037007
352501,0.22462650016829033
352660,2.0333486954696133e-05
352660,0.06384943006625197
352660,0.0112201649514288
352660,0.010448127342441759
352660,0.030061591056005584
352660,0.06436553218216118
352660,0.010541598349900264
352660,2.171620001604468e-05
352660,0.006593297714098527
352660,0.04316676490215528
352660,0.01596514806265457
352660,0.05927346338643041
352660,0.04951970336140485
352660,0.004232871748944693
352660,0.026899130867592595
352660,0.07798888521034415
352495,0.041042454416304455
352495,0.13873719628472694
352495,0.007937973340501735
352495,0.002171395925060497
352495,0.010519471545687303
352705,0.1226805787119928
352871,0.017689178366640957
352710,1.2020744209827624e-05
352508,0.05599155978001731
352508,0.12537139105839817
352508,0.08100398019887725
352508,0.007011570565338946
352307,0.1053149872598861
352305,0.13226128993657751
352472,0.001532466073517275
352472,0.07949565079143481
352472,0.00937155462183016
352291,1.652365695406459e-05
352291,0.02770798787534564
352291,0.017143891558291696
352470,0.007337660138876779
352670,0.037017596593878536
352670,0.06623723893104844
352670,0.012887950591486987
352670,0.008526794008094703
352670,0.04828952241674589
352865,0.13424590456583374
357209,0.006633433026918353
357699,0.09162918553664491
357870,0.046336444749859686
357294,0.20595640827751444
357499,0.16179646846497917
357448,0.01462772417558295
357892,0.13797402672553455
357288,0.16850061868941674
357287,0.0041411721196051125
357485,0.037154711633378905
357849,0.08063412120146289
357676,0.06789733862835644
357292,0.11298488595727411
357510,0.08017689782287034
357889,0.05764832425217772
357282,0.12760060880251703
357656,0.07247800724722574
357841,0.04184148402975759
357320,0.003518904296985075
357478,0.0003180653088512355
357905,0.1626162162094951
357519,0.044890862017918094
357259,0.012568817990013798
357705,0.14431009735786235
357304,0.001607023859181282
357275,0.06817517798655237
357474,0.06805684434586358
357318,0.09604438448636335
357441,0.09174101481028539
357706,0.0008454835372327934
357670,0.11728518776395629
357216,0.2127046160433652
357221,1.6251122786928222e-05
357858,0.0013328692465103412
357313,0.08035719319372013
357493,0.009488116890502059
357297,0.03712495286864939
357717,0.06663162030119127
357341,0.02674285942497428
357233,0.030737490543505754
357498,0.01757630391918465
357682,0.008890333449591063
357862,0.16043931844315598
357887,0.040356820074502225
357506,0.06679428438599735
357274,0.023916383426918146
357507,0.18771223443251073
357700,0.051946788777517204
357874,0.04602470379903044
357509,0.0021469263819317726
357893,0.06750393648635947
357307,0.15502064859331044
357261,0.029956682704574446
357671,0.0711702697166827
357324,0.23238272374407187
357513,0.019266628253752773
357715,0.00012859953997572854
357688,0.0058602931868643
357455,0.011245984857982514
357709,0.2175269363089402
357885,0.055979431689096734
357871,0.000590216049805148
357848,0.018081580029183433
357458,0.10160179859073316
357788,0.003652512957403379
357442,0.05583061551545522
357527,2.1572269461431148e-05
357303,0.08895325246754753
357863,0.006316728926423594
357883,0.03944418105905649
357222,0.13463331666123868
357482,0.013893117979694338
357347,0.053721067705326454
357856,0.10960626093591154
357882,0.0034824626094940234
357466,0.024973292271431746
357300,0.07060162204939875
357278,0.07858633780621722
357693,0.10884281197825532
357319,0.11770739656988038
357223,0.04230448009691234
357314,0.05962081911010802
357447,0.06466499098779767
357712,0.11679643896195799
357321,0.0017072868031475699
357852,0.06836149195522014
357521,0.0039058019695318554
357869,0.3011237198785746
357237,1.702834017297699e-05
357888,0.015563124296245057
357489,0.04057647165218555
357904,0.024689494086999938
357471,0.11974660824627566
357658,0.1777910584055826
357817,0.020966648816388687
357468,0.06776443422588446
357497,0.0001995880072020385
357286,0.029879761355970664
357490,0.11359092790888402
357902,0.015320457807990698
357668,0.04480685660081022
357322,0.06375279690792146
357567,0.02956708255855196
357488,0.0016594305268635237
357291,0.07347343868317648
357701,0.10306471070553519
357695,0.027160304366326715
357457,2.3503997320069094e-05
357484,0.003598571271348106
357907,0.08306461712722954
357290,0.15921184113554365
357692,0.0124139270315585
357897,0.062176817633441406
357526,0.0024344253129935565
357281,0.00433745964740344
357502,0.01025369400225934
357295,0.07965404138677872
357628,0.10658786788477348
357850,0.031229540007531132
357661,0.007043360885877766
357866,0.0018202804196634297
357861,0.08692866637616653
357677,0.12638141169286982
357262,0.0458986316637724
357445,0.06483584220360072
357475,0.0010633849041272138
357456,0.042646925192726524
357702,0.02339571943179297
357327,0.05706995323619423
357302,0.008909759058766243
357525,0.10174756785075181
357285,0.23064305498414125
353566,0.1336113583847213
353376,0.06849241945650449
353413,0.21059081787385678
353415,0.06411275359147481
353075,0.010231069387177086
353403,0.09931511757157611
353541,0.05369656785531068
353074,0.022502536821205756
353571,0.07745502831654658
353033,1.8313279400586864e-09
353545,0.014482499850025417
353578,0.06426969192476539
353032,0.028781482232894867
353589,1.576230109641554e-05
353083,0.09965253579414252
353558,0.05605155235358136
353231,0.01028350869195206
353209,0.0017468830906789236
353227,0.03878993721181547
353494,0.0035054958219751598
353072,0.07736246673233584
353359,0.10542915295381786
353394,0.10490759294809682
353241,0.07152452865974158
353054,0.058716798672812764
353200,0.06578183996624846
353540,0.08836280312173575
353080,0.003155903064897674
353405,0.0261390910499302
353198,0.11835733316597302
353587,0.04983351260845399
353243,0.014710728908071624
353396,0.02609185507907056
353056,0.09253040279646284
353041,0.06560206157168698
353407,0.02247194291213467
353518,0.20588180497976077
353205,0.006063127129923265
353560,0.00030522176093032976
353178,0.015805690625639846
353592,0.0037486280672559525
353229,0.05544887756597707
353047,0.12308086752470158
353030,0.014198787590786912
353383,0.0089846764476568
353043,0.07565217804941803
353233,0.13314292568930822
353388,0.015343320074190142
353386,0.043448390209974944
353579,0.03696956673863306
353582,0.07718832659088659
353404,0.038353604903323985
353385,0.008534294894250644
353596,0.09804065579965851
353051,0.00048207918391440487
353549,0.010796635254631204
353166,1.3322164658628623e-06
353059,0.0966792126063968
353568,0.12375311082729622
353248,0.041658080731985264
353416,0.027927258687967017
353550,0.04099492568790529
353399,0.10777193836922666
353247,0.07997776607787027
353561,0.07409248889670235
353065,0.0015422121735520614
353569,0.021637278520609416
353220,0.0011966209021938457
353236,0.13168488610933174
353213,0.0005663892207470692
353172,0.03034554781718284
353045,0.09044717368167363
353366,0.06975464735971416
353084,0.02384652633692777
353201,0.014347432756809355
353586,0.11831147566798818
353077,0.2251091870690366
353234,0.06495438856752078
353556,0.013900617905978328
353857,0.09790011353475843
353833,0.02475757294948622
354047,0.003386394408317453
354428,0.004054355017640043
353831,0.00666726318672061
354044,0.08825469164145909
354235,0.19866483883050484
354178,0.07819162685277091
354211,0.027651070699836064
354431,0.1095051350030313
354401,0.06238032403213457
354212,1.5953503478117448e-05
354430,0.0015925086381489003
354423,0.002545978103136581
354007,0.06306387269862891
354024,0.06590817637896924
354442,0.011151702845379328
354440,0.1961437829634101
354417,0.013346630371540885
353868,0.05332859715631338
354039,0.02506435422764847
354435,0.009108358415445505
354254,0.07447030918074585
354238,0.07548347435040495
354177,0.1299015620178085
354239,0.05647902989843668
353855,0.0011483418358375881
354402,0.06533513855404079
354470,2.070092850232049e-05
354226,0.0728189124818626
354220,0.05238820068304581
353864,0.038126061719220894
354256,0.21799865659457202
354234,0.10707727634992845
353848,0.017882946478669445
353851,0.1295257277381412
354453,0.0377961004456125
354446,0.05888271944238853
353865,0.037281526299564355
354415,0.09382616053609556
354245,0.008552949263429572
354014,0.0016230122790870302
354143,0.0033643762847285976
354452,0.09012185854294245
354447,0.0020603852245570783
353861,0.004942713397020634
353847,0.00054352374987778
353878,0.18628388488163117
354022,0.1130834668586996
353872,0.03549705261649778
354061,0.031185989642607555
354471,0.10064070490634705
354223,0.063119483137886
354261,0.09601379229869099
354045,0.021583835437296143
353835,0.003341849570089817
354449,0.07430215490532563
354459,1.5125631173749118e-05
354258,0.025690398193030563
354465,0.007221118334951728
354048,0.13929299059545455
354015,0.17184370831079648
353870,0.00987223224109083
354260,0.07425832061191825
353860,0.0019964169417831306
354407,0.02049671630799861
354448,3.436916676887156e-05
354413,0.1554227443621079
354421,0.016847079293294463
354262,8.925782237832234e-06
354049,0.0008113600091797828
354040,0.0274436241284369
354263,0.05166324240156555
354246,0.06710162537849748
354229,0.11869943750727803
354443,0.0618341977252037
353823,0.04021937387869399
353890,0.07699599610066184
353888,0.1570795065813627
353885,0.014124918119604509
353879,0.1270415428238141
354432,0.10719828808860699
354468,0.09445459438990855
354027,1.7231439398324483e-05
354218,0.005546853462798975
354054,0.20381825681168023
354013,0.06712621187745399
353867,0.11097175595778584
353875,0.12845577616435977
353825,0.010778459777653057
353843,0.0016764403175469538
354834,0.12391004632664548
355193,0.05948512922968702
354938,0.03510904576232144
354958,0.024076316198709227
354831,0.009477246786553649
354821,0.004744011729713182
354928,0.06458994203321028
354642,0.008210310283618464
354853,0.15169715908770987
354607,0.08607809193901583
354633,0.054321623459369466
354596,1.7573559327476494e-09
355215,0.006931460707686446
354842,0.12253882270216786
354966,0.08499284472239463
354670,0.04968010518995547
354804,0.0005215808899734977
354628,0.0919962513459318
354836,0.06249468074197813
354788,0.02378133326375347
354662,0.02467830616679527
354828,0.10696880405724458
354759,0.05133243976080693
355203,0.0363248760212531
354807,0.009712462833809806
355166,0.012814434240462306
355212,1.1535201285700656e-05
355202,0.11407773971472565
354847,0.08888416924992235
354820,0.053840020104954145
354939,0.14327689025717907
355091,0.02559825845583474
355152,0.000519664217700982
354652,0.07167787373498921
354959,0.02636433147358861
354629,0.1921824424905571
354818,0.03791133223091636
355183,3.731315054886778e-05
354672,0.05990649984057621
354837,0.0162091127749018
354944,0.06341479983623234
354911,0.1028300634233464
355221,0.12008214647662227
355156,2.255463231979467e-05
354795,0.17321794722607708
355171,0.08387935140381239
354595,0.026563842496611235
354817,0.17296008411312194
354967,0.023735432886497352
355146,0.08509733340019165
355181,0.10554880584794119
354663,0.30678531069459425
354778,0.03865761249457309
354616,0.000415467768881247
355179,0.039001407254089904
354603,0.005323994750073578
354668,0.09249426543103238
354813,0.0011020084955922357
354854,0.35131460016769817
354780,0.0028246674896191845
354810,0.012169136595510097
355198,0.07151553757873119
354935,0.0067607850099220225
354576,0.05822406690014781
354661,0.118675389445878
354675,0.09285055024164478
354970,0.20709133018549045
355168,0.001688006551679545
355134,0.021392081260346748
355150,0.06001183545206765
354973,0.19720908847816465
354565,0.2396597580498354
354942,0.10901368217804881
354824,0.036642482571296035
354606,0.0946782644159565
354947,1.6535429110531078e-05
354573,0.08912693486920086
354796,0.005819647219071538
355196,0.001977325570411359
355188,0.00019152768248872085
354619,0.11445362066009877
354962,0.019690416772775932
354930,0.01869986692640137
355216,0.08051423215871535
354792,0.020063103492153327
354826,0.03582958597123578
354618,2.072920556329017e-07
354667,0.06545664401528875
355201,0.08679757177952079
354790,0.06329291901554432
354643,0.08566801302092822
355155,0.0014088835707911937
355178,0.001528281459017799
354798,0.08588228750272972
354814,0.17918221179191676
354673,0.025096472499071393
354622,0.10149279059683852
354950,0.056083569795758854
354613,0.07008371097448154
354850,0.013562114391135423
354658,0.21105155378835572
355182,0.02558599068919204
354968,0.02073008228935093
354630,0.0026078435845333856
355090,0.003228919340038685
354609,0.0056487565745792
354951,0.06525617704089844
354569,0.12531202568476998
354978,0.06168281452224772
354943,0.05268857187582062
354756,0.01771959221667815
354971,0.06731657153420506
355204,0.04791706228712396
355123,0.04033361912284264
354819,0.01698680458458527
354612,0.060724747390121785
354625,0.008556156951850573
355222,1.9864781799707365e-05
354679,0.026668933769743313
354604,0.009826071348549886
354799,0.0016088335596091325
354855,0.07411643831105971
354669,8.565250210555026e-06
355197,0.02320275668656017
355147,0.05163962982215795
354801,0.027520703101497148
355501,0.0011967930923477614
355822,0.006653344125866921
355789,0.17844920115057433
355813,0.0349088417616256
355808,0.0018976079066938512
355791,2.2651839105898108e-05
355748,0.0015439490011636865
355806,0.0572198584715686
355565,0.11260999368796468
355404,0.03272637590806872
355917,0.07133624932833235
355762,0.05567983602596306
355755,0.06969989126894734
355373,0.058415202339336135
355633,0.003098899222254814
355678,0.039404285203599974
355561,0.0007786126259244036
355751,0.02177117379826611
355770,0.03443216948981052
355915,0.14646719207029651
355731,0.0032072966800891323
355522,0.02281987837793212
355558,0.07287791908711365
355557,0.007120485702146053
355795,0.024945243164948543
355673,0.008404791899119262
355559,0.019909412346127548
355716,0.037154148349902806
355429,0.04776925786668373
355395,0.035678884352127196
355413,0.06898234283420762
355769,0.035214519644999734
355724,0.008906541750486963
355521,0.06214311794275489
355532,0.061009589473419654
355556,0.09568738525786677
355382,0.02870748920465687
355546,0.04288730277948854
355756,0.009323809516717223
355434,0.056073276086523155
355418,0.06133560645719492
355895,0.009097919387342232
355379,1.9891900234400448e-07
355776,0.046768424582485375
355761,0.17319812853266334
355424,0.2980873201269398
355911,0.013021439246045595
355740,0.1673924295245663
355737,0.22085168303341612
355671,0.057727738155046476
355389,0.1858625055022445
355555,0.08184073250086324
355667,0.0012837576631343302
355378,0.087112036017899
355901,0.06012212862209681
355527,0.03404949468288308
355542,0.06278580839230889
355812,0.10997660900084837
355884,0.0665168182317825
355545,0.046426085204900956
355549,0.02532637950080931
355431,0.0894355048756486
355386,0.008213390533653732
355548,0.023126302783907562
355801,0.016878334968108307
355426,0.017498461712704947
355563,0.1907628851193731
355411,0.0024686338647967963
355792,0.001466640809532749
355741,0.005585889898620398
355757,0.14098728481801276
355362,0.02551824172842377
355380,0.11034065994205251
355705,0.009109809868291671
355827,1.9062407880794208e-05
355734,0.01926831860278292
355388,0.08860955792435338
355538,0.008624892539199494
355909,0.2755163372650341
355347,0.12086211772698062
355417,0.0033772468087652366
355780,0.016177591576307968
355794,0.10171908800033072
355793,0.00753966525408713
355566,0.08126460551799577
355525,0.006489471835494351
355523,0.011190025136030986
355729,0.060892030829070506
355816,0.0805001297616467
355672,0.19051565101273418
355403,0.002240031778906151
355787,0.004307376642661797
355364,1.6863718435132678e-09
355725,0.11412216862142943
355384,0.06034282111759486
355745,0.1083015929839914
355570,0.10550417864098907
355397,0.07302313053017771
355773,0.051284990944563597
355402,0.007881288619884649
355567,0.05933913329086528
355800,0.0001837928126572179
355428,0.06297919770804435
355814,0.046070739464594126
355375,0.0451619703214721
355540,0.053940405690018525
355677,0.0393624763492266
355905,0.11817408808568702
355815,0.019350585215312265
355753,0.009151655409860859
355458,0.0017654272620941645
355810,0.06882565890831402
355392,0.052242063465243994
355361,0.013633081253531198
355376,0.06744377497270239
355679,0.019685099228943813
355436,0.035135964720994825
355519,0.020435277308247863
355420,0.20426800964865716
355775,0.04736167159112722
355916,0.34197692841110044
355759,0.011683336979799131
355899,0.11950312169427023
355772,0.10309350168488024
355900,2.3945183621022245e-05
360015,0.0102216345660914
356410,0.005126875370293781
359610,0.05600395945477274
359626,0.024512761297164842
356421,0.03354608648609824
359633,0.10179525456561148
356220,0.18604135634551083
359854,0.01912059702043399
356387,0.03787292564746488
359681,0.03376465332094095
356221,0.0014816773655884764
356420,0.027538417429476703
359784,0.049315618188379685
356052,0.17419865606052737
359851,0.09217860326824659
356405,0.07577432450506978
356050,0.08533582291028484
359638,0.06489634115242808
356014,0.09033454484757425
356070,0.28953293624717946
359860,0.07823893890763173
359647,0.08217213304195171
356409,0.007237323039920906
359607,0.001435419580334649
359767,0.17987840086872087
359819,0.02887900617686759
359648,0.17970416672622966
356214,0.0030781445613565633
359945,0.11523231627545974
356034,0.023545941946599716
356180,0.02432827017138899
356249,0.0006128091668706976
356245,0.08869142055634407
356119,0.01701603172882301
359856,0.027200224474335337
356305,0.057834091759194725
359777,0.0010575426354225636
359863,0.05707908483261131
356304,2.2977998791953018e-05
356054,0.05023788473898792
356182,0.08878585326067066
360075,0.06622973654042891
359771,0.06707337029137733
356313,0.012502045786010873
356390,0.018904999810516337
356384,0.06802276406988592
359768,0.0014219137365812785
360079,0.04429224886247879
356068,0.19764787769057562
356386,0.011478462427140627
359941,0.008733640723061249
359653,0.03428713648132822
356403,0.030434695662957964
356307,0.11394463313569708
359837,0.058689887937012734
359858,0.1085551633116959
360043,0.018155242366639235
356055,0.03294782248731303
356065,0.06638093204885066
359668,0.06387089357731879
359946,2.2049879266429145e-05
359954,0.2673629605107589
356033,0.013089614444577142
359657,0.08249311845448734
356229,0.14586279466426716
356413,0.016207625654834412
356188,0.10462912319828355
360053,0.015534288327392249
356315,0.3327601301967001
356075,0.05393048286749835
359831,0.15806485221811356
360029,0.0012319672988338254
359658,0.049474252678952446
356418,0.022286425401893413
356388,2.164361289894476e-05
356179,0.02221292218159245
356248,0.04741809061978813
360082,0.07750052529745986
356058,0.030214234484718376
360094,0.0023363224008547383
359673,0.06058944014390847
359680,0.05186507543179321
356369,0.009812808160919059
356057,0.07942566580713388
359849,0.02336855310548562
360063,0.0014074828268575295
360065,0.0980131003226401
359762,0.018504423987816106
359960,0.3236695519689361
356044,0.037592031087359395
356411,0.023961785097966353
356187,0.1844789697073474
360037,0.06545499609124515
360049,0.036014360511525255
356017,0.0041132347947810555
359781,0.09308330498908765
356195,0.0982214591660307
360062,0.0034537178140920106
359925,0.002974099052246967
359605,0.08700316298463437
359853,0.07014066886020104
360074,0.021405489165241046
359782,0.03384024987641219
360058,0.029241308025907384
359675,0.04592835545724233
360041,2.0769390315893942e-05
360011,0.00022317689885981737
356484,0.017294961418828268
356306,0.017577120940623577
356288,0.0028543104966885
360081,0.01858349093168877
359608,0.003947746642656343
356183,0.00683729312684645
359731,0.016339941581181443
356300,0.008383824289144932
359950,0.0559296541754039
356120,1.1918357953290398e-05
356316,0.06865261552211875
356186,0.02613024696518509
360147,0.016607975931822668
359737,0.006525346894389981
360040,0.0363988239036221
359852,0.006562929936529343
356429,0.006386314876784381
356156,0.027744873748093972
359841,0.007833588465386022
360090,0.02304808857747315
359956,0.012003117711156617
356225,0.06453895886552236
359674,8.219280747191003e-06
359828,0.010742887190586576
360039,0.011019927374143113
356372,0.008402323403959501
356216,0.017770265318853926
359603,0.0063671977794002785
356037,1.6182549827227069e-09
360066,0.02301618431832791
359827,0.059783061476917206
359848,0.021334827975193683
359639,0.036128451865409895
356314,0.14138748282596508
356407,0.003314675752818614
356246,0.03251780424554694
359652,0.04830667406926533
359759,0.002954177754865806
359959,0.13645578081600568
359732,1.143695057626022e-05
356408,0.0013507077950187189
359961,0.06606275685071984
356311,0.2593644879991381
360018,0.008065669544208252
359625,0.012567536268430605
359654,0.01231533086406097
359857,0.1783564300241526
356016,0.0013775191904727654
360088,0.006129936602327316
359656,0.0021497456910364613
359785,0.0005880707977421907
356422,0.042579349668003884
356043,0.06243868469579291
356424,0.017846252338814084
360077,0.02645549818791449
356303,0.1110948832079046
356140,0.006263422370472675
359947,0.05562797590259787
359774,0.07197802528460359
360085,1.3369256706101512e-05
360064,0.006947019948759256
360072,0.05503580424903604
356228,0.06927204911623681
359650,0.16834687176792107
359642,0.106357749381486
360069,0.015563146991160577
356018,0.053863663958784
356165,0.010313429904196704
356426,1.0622158921087935e-05
356173,0.007519549168214736
356399,0.014916178239405203
356045,0.10250204356658829
356395,0.034609996186662606
356189,0.054900090975111344
360078,0.03223475295024097
360046,0.008745059313485076
359636,0.0561882416426369
360034,0.00806803993949728
359775,0.14080058901521303
357100,0.00017637026142422937
356884,1.0974988035511195e-05
356608,0.034641278693502
356589,1.5528895357052133e-09
357119,0.07460362382873374
357094,0.0944279412979703
357112,0.10600527362110547
356745,0.017958095979958972
356753,0.0393060746548078
356790,0.10082901331828711
356784,0.0007471859747382697
356795,0.09462947829636865
356773,0.020490718093321248
357077,0.06332252043230897
356734,0.026654058353037934
356962,0.10984769431360034
356624,0.002369155684194014
357124,0.000749843712972512
357115,0.01850279938855052
356630,0.003241273354684651
356763,0.024940950977422435
357109,0.018423453510227367
356602,0.038121233127266355
356599,0.054041306635421685
356859,0.0027393334396801066
356968,0.005386226658682091
356629,0.12444152511094021
356950,0.17447881936322301
357066,0.010365051850012501
356565,0.006111582239300883
357122,0.005883789673289266
356600,0.06006812220614631
356771,0.04513396311627369
356752,0.0004850341034882001
357093,0.004920806832756551
357095,0.02210705445608488
356789,0.0586975366000178
357068,0.008245146914956172
356736,0.0018990438016739052
356614,0.011823764936406115
356749,0.1526548562964663
357098,0.14359800770865597
356966,0.02952746103738645
356612,0.03165910930122189
356951,0.033087384362370305
356746,0.04746402890134871
356924,0.022655276789211646
356918,0.0019393790488734836
357108,0.06372502494462964
357081,0.10481949034899025
357086,0.10156031638171217
356953,0.04559007335423171
356642,0.04987459814426908
357084,0.07293684536434558
357092,0.06864605037402097
356634,0.28112572028768984
356783,0.12940590858994455
356611,0.018433559747345635
356941,0.0010148691424647664
356639,0.04415510695182119
357101,0.014943906046214447
357116,0.04092985590062628
356960,0.01869816233879167
357107,0.0018210982680818765
357067,0.0349800116079691
356776,0.07879545507555173
356781,0.018362449192532847
356779,0.06749874308375552
356911,0.035706984800576685
357079,0.06136279485598243
356569,0.11654917327822288
356588,0.08210349970742709
356742,0.057507138794739954
356949,0.031245367248601278
356932,0.0013645573862604199
356605,0.044530592229943135
356617,0.0020630911241727237
356638,0.058284721902381216
356890,0.06749015679856997
356628,0.0065872416627738165
357128,1.8292442680751665e-05
356632,0.19119074740169514
357058,0.0011822638289041456
356792,0.07531668966846497
356944,0.03165937772654291
356787,0.17239413289610037
356765,0.1165532530183292
357103,0.052930434001022195
356777,0.08550621598466854
357089,2.1736893425301653e-05
357106,0.05663900772019479
357090,0.0012962199812182335
356601,1.9088415790629584e-07
357069,0.01743469130767058
356606,0.17370634089359194
357064,0.09847684824961152
356637,0.3035934734440095
357091,0.006668283263015238
356774,0.022445824590713693
356757,0.056453083253576494
356756,0.10507301372863218
356959,0.008620696852539295
356957,0.10708802487700045
356969,0.011523868357907
356594,0.09808679488449769
356610,0.08912597558302751
356644,0.03244506272563522
363730,0.008394789393670542
363571,0.009900968761986784
363479,0.04004278361354167
363764,0.2828691737928362
363753,0.015207577061866333
363328,0.0019799226043765153
363307,0.005110043933523671
363751,2.0858903160669976e-05
363695,0.009950546967595125
363757,0.02123305440400767
363477,0.027377656143911678
363773,0.10216088505878493
363755,0.004722981649648663
363337,0.012648389730799563
363480,0.17903850086264875
363569,0.05531276255710945
363276,0.005866167977554307
363439,0.03783409357483067
363289,0.10014619430846898
363288,0.051800675411611485
363696,0.007914740341735511
363759,0.008743665463006587
363320,0.013480366846957786
363767,0.0017476680195600016
363453,0.0009739159126297437
363754,0.0064006583011514216
363465,0.1032089025050548
363776,0.06989780181128337
363341,0.023705116151134742
363441,0.1617245075178622
363738,0.011483314234222693
363580,0.008279395513889495
363682,0.001134563357433231
363467,0.008275366495618634
363261,0.0031761112019530365
363472,0.10588046033691104
363771,0.06130881851666982
363455,0.022876227205694502
363756,0.09096069681767718
363319,0.04280888853537395
363317,0.010375674248244777
363322,0.033288608145239935
363584,0.0215587265660617
363590,0.16892280742359525
363780,1.4514677211230419e-05
363684,0.04965735153851027
363763,0.00016924742234936742
363442,0.0013095116098768536
363304,0.00133014686964131
363770,0.02055864231074659
363446,0.06954854225494625
363336,0.1200182876489649
363740,0.05903050803481395
363315,0.08611662324245435
363774,0.0156925769262911
363476,0.028368606496429354
363282,0.1033825023717976
363588,0.01763382213942938
363339,0.18489595805740489
363697,1.9930478376023832e-05
363752,0.001243927478457738
363459,0.03179339185320612
363478,0.02371587360334951
363284,0.0013219512315176397
363338,0.003110757325616868
363345,0.05606243933434866
363346,0.03790847132959961
363788,0.015551856133820327
363583,0.01967933375616819
363712,0.0026289756663264675
363746,0.11821063918982426
358467,0.058978454329936585
358443,0.05678150463281694
358211,0.007947627499862268
358481,1.7553577224571997e-05
358281,0.06883433688340027
358006,0.11237046334066048
358233,0.01693360846419897
358228,0.010979404302082425
358167,0.005361471255202194
358459,0.05090126540392456
358207,0.06533397338123123
358242,0.09115557859832775
358444,0.0996406290326785
358451,2.0016375713075116e-05
358434,0.01674225007027737
358250,0.016311856435245246
358268,0.0851273068851359
358213,0.1687172797865478
358276,0.07961115870863134
358008,0.007269689953410515
358471,0.06763870968547271
358453,0.014602274008180998
358195,0.021918328561326104
358178,0.1678188432344765
358026,0.004904648579985964
358273,0.10204008160466968
358214,0.047200069147511604
358254,0.13793883692971146
358067,0.042447275841569605
358438,0.11520461527090808
358300,0.06356393031023072
358036,2.712568255278194e-05
358071,0.047956647541033445
358229,0.09096510151477988
358256,0.017033067979648014
358033,0.09779415013953434
358199,0.006228978291795476
358260,0.008047905613303478
358046,0.008362043805624593
358005,0.0012686219894034248
358298,0.13166972049735845
358442,0.06092058240430417
358044,0.08038102085059654
358430,0.0336145748061143
358059,0.0029854810312557544
358252,0.05177788756432189
358464,0.00890145745995716
358264,0.09945464520767995
358456,0.00016241219749397128
358470,0.09844056509496749
358001,0.0056305526442043405
358227,0.08233677771630589
358216,0.011918473131458768
358239,0.06740924161230163
358458,0.2745806721500299
358220,0.057516875308330856
358248,0.021972501261051314
358237,0.16659073848632897
358480,0.030871922600957596
358030,1.8317386121189998e-07
358054,0.004303063559463268
358410,0.0025230525578843143
358063,0.2728688662982287
358138,0.034314179803030656
358223,0.020705945586266573
358463,0.0016771936474797313
358212,0.023957657970745876
358064,0.003028814187026337
358206,0.1108683853231299
358066,0.05392003657704341
358431,0.00759747267369194
358222,0.01889945841240846
358034,0.22340812205624255
358253,0.05411715925172513
358258,0.04382928558732578
358061,0.1787626127914058
358157,0.02914527825001062
358037,0.1678677328930292
358472,0.039341636608882714
358265,0.016879120102412108
358232,0.06494937765191146
358040,0.03198700644544866
358048,0.076462768798128
358454,0.006143707771061455
358172,3.141189716988717e-05
358235,0.007809096026943405
358455,0.004533073161139373
358192,0.08317068186202371
358421,0.0010887853457714123
358269,0.09670893770716361
358331,0.12321175255300716
358482,0.009686184683727677
358462,0.05447584321338308
358282,0.011063539755376202
358280,0.1187648911181561
358029,0.09153233695530692
358432,1.9125450906130614e-05
358197,0.16605512533235806
358466,0.09553146835128234
358457,0.014348944903107784
358479,0.11579336920101373
358193,0.05319739383999779
358144,0.05857652026028407
358452,0.0011937420542434544
364278,3.2173684620168274e-05
364038,0.13764725208809098
364182,0.030021176283652345
364189,0.007725341493165062
364186,0.014943884240597546
364011,0.010939637403017885
364184,0.03054840640598286
364179,0.02110370595523072
364201,0.1270268337368497
363900,0.07738548111058834
364261,0.07086002640345158
364169,0.0669273142988634
364172,0.14590656606171626
364286,0.11106805195517387
363898,0.13606385110725666
364319,0.0016095565585595333
364251,0.044913068952398216
364307,0.13860164757321708
364190,0.09582235851734751
364035,0.0624898468994353
364031,0.021138687293914552
364008,0.009504844603760552
364311,0.01725679206779012
364200,0.010621401701009704
364304,0.0058970111433002065
363906,0.009492333538399612
364015,0.12189882140799733
364223,0.06790408734020364
363896,0.012942907936237591
364293,0.09600227394603002
364191,0.016208380103938914
363918,0.040802680471322204
364203,0.06115343301389438
363902,0.011351594337730515
363895,0.16218685204964087
364012,0.05429661089810217
364006,0.051158543766119405
364299,0.1345822664960188
364312,0.09650176633985982
364176,0.0009346137310609876
364321,0.05673131455477641
363914,0.17278959282279724
364163,0.15621249480341107
364150,0.004901203826274495
364148,0.03297384551966643
363868,0.04981253981889852
364302,0.0939299821191219
363905,0.001900100438230471
364314,0.2664448012908755
364253,0.1188262946404983
364318,0.052390706399606295
363923,0.046108873302619556
363866,0.00697809768815985
363863,0.005404349382747279
364047,0.08779684075649827
364022,0.01814991667040558
364165,0.049540220512592305
364323,0.09484141418554386
364305,0.0043507674076437245
364333,1.6844555402502835e-05
364030,0.0792746362039102
364032,0.010540592759412099
364194,0.015564575913064985
364048,0.09958226333067632
364041,0.031680494983438404
364316,0.03552932739518274
364033,0.087612705461475
364315,0.04894586770745518
364303,1.9207878763605612e-05
364320,0.09202782188421987
363916,0.2647652042305594
364167,3.0143128753397818e-05
364023,0.019886211771342848
363862,0.10200940027504882
364195,0.09316655544185062
364295,0.10561752525566037
364045,0.05646045789354719
364044,0.16094471456063
364289,0.0005352320214532606
364309,0.0001558529769371647
364196,0.09832367908965382
364135,0.006290710144720308
363886,0.11884575328260996
364109,0.0024213867981083322
364020,0.14936360039097377
364332,0.029661915170070174
364193,0.08197065463134671
363909,0.004129969681766426
364252,1.7124038113268927e-05
364036,0.016260739028265313
358841,0.002915031506918156
358734,0.007943758637284252
358731,0.12635354224219814
358725,0.020268551005602476
358987,0.2171542464406768
358977,0.00417576265536985
358847,0.1220406181026377
358975,0.0011455790051474472
358970,0.08599122206248917
358834,0.0002375130656696588
358981,0.04706186282744039
358717,0.050468308910869814
358956,0.05552544013008686
358733,0.2706573179404758
358726,0.010248765846427917
358988,0.06508442681165649
358593,0.009077122174867221
358610,0.0018234904868611802
358996,0.013130125133024664
358592,0.00032846637923182056
358588,2.45425186408347e-05
358616,0.025303272357277543
358601,0.003974564448414276
358983,0.08864007970098321
358602,0.031408620492002035
358946,0.06819299232261075
358984,0.054564828565013775
358835,0.055322149349522426
358604,0.15666202631556478
358736,0.005555004122261401
358846,0.1554543506483532
358974,1.843203783928316e-05
358721,0.16735826000654855
358837,0.019098297745559413
358569,0.006698122474570186
358833,0.1442004101044429
358625,0.25681720457602025
358808,0.06655570321043851
358968,0.00023988461914151466
358828,0.00041009756052735684
358605,0.00202324201108894
358693,0.008729128734494704
358980,0.002906662715800371
358769,0.0008892111038761705
358742,0.058828604921166774
358819,0.04919377487338388
358989,0.0378126159117414
358960,0.009552458390786093
358850,0.08455034651662094
358624,0.022769407973603373
358911,0.0023238080904291205
358626,0.03921919422370309
358622,0.1669755717474802
358600,0.018888758658980282
358844,0.030439791432378377
358620,0.029882915226554004
358849,0.09104723486968176
358621,0.002865235358231579
358740,0.027253955881791275
358993,0.22604248371515548
358568,0.1083232050665725
358709,0.035845695843743586
358708,1.1237299904231368e-05
358836,0.017429573227195894
358842,0.06011746652415143
358723,0.16737314242559104
359132,0.01133720396188624
359507,0.012606451830689742
359268,0.13863429622498888
359376,0.1607494848604155
359371,0.08209780522012904
359398,0.05658683123594525
359494,0.0853653226618474
359272,0.16131902980830762
359499,0.06262012445000667
359477,0.06417321258336273
359467,0.053402397605573936
359382,0.16170574664643414
359370,0.00973006734044381
359260,0.07849285526251026
359385,0.019465789134956862
359247,0.07639262095181264
359270,0.03850641636884855
359223,0.006429307696641476
359500,0.036340772898025904
359536,0.00933877391883681
359469,1.8352939330780564e-05
359135,0.01561418188924741
359481,0.0010993570170087944
359361,0.0047041629933088835
359390,0.02935069498485725
359377,0.06209393793442374
359116,0.010502398338293539
359400,0.08483614517459628
359222,0.104404571513063
359369,0.028511424074942844
359506,0.08383408747191474
359142,0.08141318497329249
359227,0.022767878393730113
359131,0.010119139666909374
359487,0.1337519804409825
359373,0.1297058033821391
359201,0.002230152885605643
359110,0.005978878279330978
359255,0.1512914162997889
359141,0.08769210390051445
359263,0.011352369445973877
359130,0.11023398452684414
359391,0.09230913237744653
359488,0.0027895827114508267
359113,0.03271301168550125
359384,0.05292156501069721
359143,0.10167589597420221
359340,1.0531684938994787e-05
359362,1.0783401587990528e-05
359134,0.05782959616767291
359393,0.007625336692117321
359498,0.09136051931019992
359495,0.05247647475069362
359084,0.09589258408203798
359339,0.0030482110266115314
359220,0.005187186263225197
359121,0.03772847752561358
359491,0.04524692621283053
359389,4.681020355222156e-05
359468,0.0704011557670524
359126,0.016737331798379572
359244,0.1979633369480773
359483,0.004007768938047686
359269,0.028710523001426975
359253,0.0987706666026838
359365,1.818824829506513e-05
360653,0.08891204861317856
360226,0.004978705733683943
360596,0.019744622550887353
360591,0.04349878750357192
360282,0.038445636974727915
360655,0.0053484046768732
360250,0.016095572566213977
360230,0.10061170086471338
360610,0.012103408217807301
360254,0.00819530150565896
360567,0.059735630251375155
360271,0.0080269907544847
360577,0.054613212929277344
360598,0.050463782055712586
360584,0.003846507614413821
360279,0.001353240593281853
360293,0.05185500728096189
360396,0.19617834677596369
360402,0.05562364167383109
360645,1.4237502502377166e-05
360553,0.004515007759933233
360583,0.0010549980305652525
360233,0.04234944352389516
360588,0.0026772060123568435
360391,0.01008245684285372
360601,0.06024311600089589
360409,0.07838245837271578
360609,1.6164171835284723e-05
360386,0.019289940358513977
360521,0.15244768914666157
360566,0.15526454848692284
360529,0.23249154045537543
360648,0.06426456755335123
360468,0.002140264119502849
360661,0.05442554449324692
360278,0.003963810913243114
360263,0.14607302907155234
360594,0.001544642886543487
360646,0.018694215006506098
360513,0.04774733541782703
360575,0.14427334331501404
360652,0.007415609255031398
360400,0.009714372432457792
360590,0.2584641063208448
360281,0.016211151519345417
360597,0.08220063742377723
360406,0.054303720044444344
360600,0.0879949613004629
360562,0.009340716207198842
360563,0.017072669099947604
360286,0.0027498194406047247
360492,0.06200169497417214
360251,0.010412045076964893
360290,0.2490269844484402
360232,0.10441167398442687
360401,0.010884249689231225
360287,0.15581826806534252
360393,0.011145423262022463
360589,0.009843598094245091
360593,0.050381128369018695
360581,0.03615171850858477
360654,0.07892095837122283
360534,0.015347318842560402
360388,0.13347624891012594
360395,0.07946090892520988
360269,0.07449253264388583
360288,0.023844084671466943
360582,0.007742403280040475
360235,0.010144763209369806
360604,0.014709007630571992
360294,0.037694745548825986
360264,0.007723951738684849
360730,0.0008533242481820113
360260,0.15841610142192264
360649,0.028198576343807277
360231,0.0037888912594997064
360572,0.0008968961572643492
360516,0.009170148511855882
360273,0.01089881594749526
360651,0.0421335010954644
360292,0.08523999015394101
360225,0.232227358775103
360558,0.0024623922441189957
360249,0.022616371276198626
360576,0.058604053872153165
360559,0.03208745867177989
360592,0.026889492064567345
360387,0.031433184303800994
360556,0.03652547408238126
361136,0.0266526281307156
361152,0.011261601023559695
360846,0.05349705704398111
361273,0.06487695349211522
361162,0.052342226353346975
361140,0.017952664154165285
361028,0.09105664920497215
361277,0.11935100731205497
361128,0.14993332882613472
361158,0.25126525651686404
361298,0.07914312236508618
361287,0.002569344678465554
361261,0.010525090641847288
361312,0.01493305762523932
361262,0.00880300350189786
361294,0.04844469209464685
361147,0.04050054855574567
360979,0.07353383092072664
361303,0.05795075867782042
360814,0.005738762056132525
361006,0.2537541190000888
361129,0.057461402906343
361008,0.04685891620751175
360998,0.04412499929830588
361290,0.009449747350508606
361011,0.06450968855240308
361286,0.1562824603760543
360842,0.07631690613945342
360827,0.06286085769319552
361299,0.0485243312585558
360923,0.002053990960653574
360812,0.16042375993870286
361025,0.03622731785310472
361280,0.003691710941027196
361166,0.26909614765588363
361306,0.004341943915926119
360854,0.07545528744581799
360847,0.014992941246719689
361114,0.004333425376578417
361308,0.014123264404305013
360991,0.14100473167880612
360989,0.026488354307053857
360985,0.10119432368357216
361269,0.05637032461598476
360990,0.061163375482351776
361018,0.15047142239464467
360820,0.03383072907955522
361266,0.27829255150012605
361302,0.08474182165643243
361314,0.01162020165435731
361150,0.007118206033612738
361012,0.0514117544899993
361123,0.01260119457673416
360954,0.09694170512302527
361143,0.015663299135577714
361146,0.027090420232812575
360839,0.09110166119660948
361124,0.016394366137383057
360825,0.009679142579763406
361263,1.7611630346502115e-05
361291,0.2506407775836613
361002,0.045737300363769516
361117,0.001861188380418643
361010,0.0038043115806629473
361145,0.07178889656202961
360955,0.04066518231102209
361000,0.0017499639485009549
361003,0.010463191188074601
360789,0.027066947435255544
360997,0.07169932843426481
361021,0.0241821758265887
360976,0.06345782775408132
361133,0.1621392945110731
361285,0.129046581693064
361234,0.1209961050730291
360843,0.009325643420585212
360855,0.0007070824992950532
361296,0.008544977253019406
361024,0.04986489606727435
360833,0.16301328112723792
361278,0.0010124271123130388
360951,0.004778564089598138
361141,0.0019159310697970122
361015,0.0573506961938578
361118,0.18723875384693814
361282,0.12339710885527096
361270,0.024514844614938098
361160,0.12252456177590833
360786,0.06649797337708513
360849,0.0007170268674625463
361295,0.03824411282845141
360810,0.049705221678046294
361292,0.04181523099535034
361137,0.15619425421148378
361144,0.09789228412887052
361001,0.0736015628629259
361284,0.15668098133098324
361020,0.24139631499872058
361313,0.020462974259757363
361589,0.026181921622161826
361690,0.11879283862380156
361707,0.2380562557778697
361865,0.007733282465193564
361706,0.0783020705085517
361574,0.09431108228867646
361460,0.23392663004296227
361459,0.021869807476513504
361436,0.08752336789220524
361692,0.05221795557095566
361855,0.0024658182006860904
361866,0.01776870400829715
361837,0.10178559774413605
361698,0.025409775246383534
361848,0.00011377393138502554
361826,0.02772085607366084
361617,0.06534048516592914
361867,0.05574045578270449
361851,0.008393450899004088
361864,0.04836255816040491
361437,0.1360842643301463
361835,0.05252311018160968
361863,0.0815981888640072
361550,1.6625501636529693e-05
361566,0.15083681199040946
361577,0.03892831170000028
361857,0.04019409592654558
361581,0.08562818788824952
361711,0.05144734610804001
361856,0.24297665780740937
361720,0.07262881628832485
361432,0.009500411672541224
361463,0.012723314559755254
361575,0.026024646548930653
361861,0.046655756013840026
361849,0.003543121659991599
361836,0.07021574459045025
361569,0.017240011911485158
361565,0.0008606994147332853
361570,0.0018386840206624944
361408,0.004586430960856058
361847,0.0009715723303992087
361860,0.07618989303643646
361431,0.0463547943088255
361778,0.001971188567272368
361442,0.06900305067660807
361445,1.836555322676468e-05
361710,0.011949310035966273
361839,0.06823623386696348
361545,1.745359136860207e-05
361859,0.054869545991105446
361685,0.1549478856805375
361559,0.05526866953325564
361721,0.007912924204778585
361822,0.30064428734755916
361446,0.043971088342582884
361576,0.11274727026325991
361854,0.1509225338269414
361828,0.1296722249446015
361456,0.1452764772510998
361547,0.1810449551275439
361592,0.11816026671914329
361845,0.11508492761591084
361450,0.010044801487630694
361709,0.00013871667134876607
361689,0.036728612568843806
361705,0.14726331128871112
361580,0.006832648072562015
361594,0.05033440912201449
361551,0.008966803983787533
361715,0.0023514652798901615
361552,0.015742580763751166
361827,0.008450432501950298
361843,0.09479301602620986
361556,0.008785244242906873
361718,0.052224807585127764
361433,0.022923533190610676
362479,0.23547325048914577
362298,0.034814949259984275
362225,0.0016793971492895096
362478,0.00907151053771381
362450,0.0081118668353354
362154,0.037414729317008975
362586,0.11049001044840126
362461,0.06757119649555257
362208,0.0707738256594467
362003,0.014396056397975232
362287,0.002906828280960908
362203,0.1914983603951703
362242,0.025150965534037593
362147,0.0017645459336655988
362490,0.0829289362362219
362142,0.1358861184660736
362488,0.05360965867705455
362219,0.08428605159354963
362233,0.08245463615859996
362451,0.08788749925675471
362131,0.17679604081236572
362241,0.01170947424262161
362469,0.029675176835912944
362458,0.1024447202917846
362101,0.002925446202508094
361999,0.02802993525884346
362132,0.015116309969956915
362149,0.015040134125745027
362174,0.02258466905559425
362296,0.047947299733794115
362483,0.04485574367179262
362481,0.04657903346429601
362285,0.04115600158881552
362245,0.11393124252573818
362243,0.09254527400878917
362223,0.06640091466824824
362074,0.0018917178533974545
362127,0.17501192657045786
362153,0.02499972443974075
362220,0.13130925319538594
361998,0.008952329113745144
362449,0.0012726421367219305
362015,0.06990021680538545
362301,0.012215665387851926
362284,0.22661903578314663
362226,0.07083920974735088
362246,0.14058990395823248
361989,0.08715091744122268
362473,0.0034004926011632994
361986,0.0176928927259312
362227,0.009642978825558953
362151,0.04979058065418394
361976,0.10137080625330246
362152,0.09084769822194187
362463,1.727638406458986e-13
362468,0.055311252865278084
362175,0.08919605021512025
362171,0.004401988815889887
362472,0.00010917881378940678
362136,0.0531548922172933
361996,0.002844624863214023
362486,0.07856116422628386
362470,0.0009323646353577695
362247,0.04839967701503085
362480,0.038633276602047344
362144,0.14563141448736244
362214,3.2978422665825747e-09
362176,0.09339167826498641
362273,0.14023127913785016
362125,1.67486080946595e-05
362230,0.006558470045587173
362477,0.0023664532133234125
362155,0.01345399861297778
362002,0.04947206392970449
362207,0.004707469914316757
362005,0.200402741382619
362925,0.0791155868310135
363020,0.006295224397884772
363157,0.0756278672243675
362929,0.017309837085023597
363023,1.750549252061334e-05
363158,0.04649990802811146
362955,0.04609986822703773
362725,0.04756881796381139
362717,0.15748006602388454
362918,0.06810979817752467
363168,0.155098185739463
363034,0.12550977084632062
362869,0.0016933921175283865
362733,0.03479474996748065
363033,0.08865845200298589
363160,0.051555868467839876
362855,7.640278941422361e-05
363149,0.008057149643236413
362930,0.0014045079901679237
362871,0.08749921243792366
363161,0.03492414139677713
362858,0.014514586054443055
363146,0.0890365562005081
362872,0.0359577951162911
363153,0.03713072236788363
362853,0.1691384179951606
362928,0.04644607122571762
363167,0.0038405942270891536
362701,0.09093694544558702
362934,0.12051495044205096
363152,0.002271083217143658
363147,0.0032635862984255553
362952,0.2194743214979974
363155,0.04312203589217967
363036,0.13568162584100085
362953,0.002789741626326628
363137,0.027610281281751765
363123,0.0513561167078418
363129,0.11901009052914596
362800,0.0018154452638456267
363038,0.017605289226424226
363032,0.004034528748487968
363124,0.007744675126012548
363145,0.0008947377455071828
362715,0.08959937671050985
362864,0.051117583120973115
363136,0.06501928536923411
363143,0.15515355813791523
362736,0.007595728780412671
362850,0.001786144512648213
362895,0.006171214197327118
362941,0.06206570293785995
362866,0.0008259622848993586
362823,0.0591159095806013
362851,0.06373676377995839
362727,0.013822600705646063
362723,0.006299506411649845
363138,0.039168991445577284
362734,0.06726669273910975
363128,0.09974068120410855
362735,0.13979497548054964
362860,0.012445702472196962
362916,0.0006823547192340166
363130,0.08463796374725702
363131,0.0019338846196097817
362824,0.020136806171546038
362947,0.01630260901773252
363040,0.03848760444248403
362890,0.06904620918088107
362891,0.004224932482531665
363121,0.08194169306003868
362859,0.06241355055490884
363154,0.002491901138892452
363102,0.11667901388360695
362914,0.04140769231030004
363039,0.046535667184655495
362926,0.12667722278645085
362724,0.23065849910658778
362848,1.607209995904499e-05
364983,0.09926469257545983
364780,0.004321474283169499
365001,0.007496031184401843
364470,0.0016251028475803384
365004,0.0006880842517329922
364976,0.08430535251270446
364464,0.010642735946981247
365009,0.06472548329793494
364778,0.04432030539732205
364628,0.2452386878077529
364775,0.11257677316518071
364748,0.13533354973179967
364722,0.022574115944046992
364964,0.048195109861291184
364675,0.0031321746196158904
364478,0.014348923952991102
364702,0.07279544042411308
364495,0.1309186017656728
364462,0.049154305847401915
364753,0.04349766385580162
364693,0.044781842091096084
365073,0.0017422425576734872
364454,7.331691210048635e-05
364678,0.0655389758172387
365008,0.03343629424746835
364705,0.049576637426570654
364961,0.07747988084974086
364686,0.0929661916113817
364926,0.0192989858475107
364699,0.011544232407834707
364963,0.0013104761424927688
364977,0.015352586464243949
364729,0.03567041687975829
364455,0.15085453878535707
364612,0.02397119904233814
364633,0.05319593863330925
364994,0.006046591851121495
364460,0.0643980407416609
364715,0.12218560788651366
364734,0.014338522103020548
364624,0.009109362894084273
364484,0.006042480707606702
364978,0.01039318755129528
364592,0.07889298170931411
364496,0.04474007052512949
364728,0.11621275695663874
364779,0.0334557322547031
364721,0.0013478527953005753
364770,0.2124929710816669
364703,0.2102268189025097
364452,0.16342298052163526
364717,0.04465376975406426
364995,0.00859382929471723
364709,1.39284005359581e-05
364468,0.11076915829430972
364687,0.22813172939749513
364480,0.03455555746614257
364639,0.0664425617978239
364670,0.021722682729283373
364643,0.08995870387620117
364724,0.06389017230859736
364467,0.023951324048304364
364672,0.1851957621772144
364751,0.01565441354298988
364695,0.003120425240207126
364898,3.0300034087521645e-05
364610,0.0652057355814012
364485,0.03252675554727003
364718,0.016622270705821864
364597,0.04938415485475849
364996,0.22342322240755494
364743,0.0033840246824857925
364739,1.3458744825475075e-05
364667,0.018187771134466894
364488,0.0793884906363656
364447,0.06132014141145909
364735,0.009257079984825115
364666,0.12985203681092658
364669,0.0008586280368332255
364475,0.08426270709490921
364599,0.00743417355164936
364706,0.033560809630718676
364493,0.1210538126629938
364689,0.0356844374499085
364479,0.07785556622596591
364640,0.0040549686851717205
364603,0.1147546086715627
364692,0.06481579075771242
364601,7.574747246892177e-18
364999,0.013271680578815937
364694,0.09516072053706473
364631,0.1498254735476603
364458,0.013936475588279285
364776,0.036077069171978
364993,0.10131245507206556
364767,0.021004985487691398
364698,0.04145242906854689
364472,0.014441398024035094
364788,0.09080552807111682
364673,0.012960836079330813
364626,0.06255728443232518
364986,0.003578661040258449
